{"count":1,"self":997.7459712,"total":3348.550332,"children":{"InitializeActuators":{"count":1,"self":0.001503,"total":0.001503,"children":null},"InitializeSensors":{"count":1,"self":0.0005049,"total":0.0005049,"children":null},"AgentSendState":{"count":3007334,"self":4.4619111999999994,"total":16.608383,"children":{"CollectObservations":{"count":601467,"self":1.82286,"total":1.82286,"children":null},"WriteActionMask":{"count":601467,"self":0.36206259999999996,"total":0.36206259999999996,"children":null},"RequestDecision":{"count":601467,"self":1.9942904,"total":9.9615493999999991,"children":{"AgentInfo.ToProto":{"count":601467,"self":2.7855898,"total":7.9672589999999994,"children":{"GenerateSensorData":{"count":601467,"self":5.1816692,"total":5.1816692,"children":null}}}}}}},"DecideAction":{"count":3007334,"self":2315.0913536,"total":2315.0912725,"children":null},"AgentAct":{"count":3007334,"self":19.094648,"total":19.098658999999998,"children":{"AgentInfo.ToProto":{"count":161,"self":0.0009992,"total":0.0040106,"children":{"GenerateSensorData":{"count":161,"self":0.0030114,"total":0.0030114,"children":null}}}}},"AgentInfo.ToProto":{"count":682,"self":0.0010006,"total":0.0030050999999999997,"children":{"GenerateSensorData":{"count":682,"self":0.0020044999999999998,"total":0.0020044999999999998,"children":null}}}},"gauges":{"PlayerBehavior.CumulativeReward":{"count":843,"max":5.85000324,"min":-34.1336021,"runningAverage":-23.878231,"value":-26.4685364,"weightedAverage":-26.4504089}},"metadata":{"timer_format_version":"0.1.0","start_time_seconds":"1748104866","unity_version":"2022.3.33f1","command_line_arguments":"C:\\Program Files\\Unity\\Hub\\Editor\\2022.3.33f1\\Editor\\Unity.exe -projectpath C:\\project\\MSReBirth -useHub -hubIPC -cloudEnvironment production -licensingIpc LicenseClient-jis_057 -hubSessionId 401dad8d-fe9f-4355-a67a-ced17f53f24c -accessToken VryEdfT0nKYuj-Ws4d3Ku5am9-ER7cBUrrQnDVadVL800df","communication_protocol_version":"1.5.0","com.unity.ml-agents_version":"2.0.1","scene_name":"AItest","end_time_seconds":"1748108214"}}