{"count":1,"self":815.2569856,"total":2328.5417775,"children":{"InitializeActuators":{"count":2,"self":0.0009992,"total":0.0009992,"children":null},"InitializeSensors":{"count":2,"self":0.0010003,"total":0.0010003,"children":null},"AgentSendState":{"count":1613701,"self":1.9110576,"total":8.4566377,"children":{"CollectObservations":{"count":537901,"self":1.3587829,"total":1.3587829,"children":null},"WriteActionMask":{"count":537901,"self":0.1852926,"total":0.1852926,"children":null},"RequestDecision":{"count":537901,"self":1.0273626999999999,"total":5.0015046,"children":{"AgentInfo.ToProto":{"count":537901,"self":1.1834732,"total":3.9741419,"children":{"GenerateSensorData":{"count":537901,"self":2.7906687999999997,"total":2.7906687,"children":null}}}}}}},"DecideAction":{"count":1613701,"self":1494.2680063999999,"total":1494.2679808,"children":null},"AgentAct":{"count":1613701,"self":10.5435992,"total":10.5435993,"children":null},"AgentInfo.ToProto":{"count":1785,"self":0.0049794999999999996,"total":0.013581399999999999,"children":{"GenerateSensorData":{"count":1785,"self":0.0086018999999999991,"total":0.0086018999999999991,"children":null}}}},"gauges":{"PlayerBehavior.CumulativeReward":{"count":1785,"max":11.3265133,"min":-99.89888,"runningAverage":-12.2082558,"value":-4.142537,"weightedAverage":-7.330538}},"metadata":{"timer_format_version":"0.1.0","start_time_seconds":"1748282821","unity_version":"2022.3.33f1","command_line_arguments":"C:\\Program Files\\Unity\\Hub\\Editor\\2022.3.33f1\\Editor\\Unity.exe -projectpath C:\\project\\MSRebirth -useHub -hubIPC -cloudEnvironment production -licensingIpc LicenseClient-jiseo -hubSessionId 74405a01-707b-4795-9a20-1e8dc60787c4 -accessToken JYvOOxiGDCpzKYDbEc3rjw4CUM1aVlPepMFaAfr04ko00df","communication_protocol_version":"1.5.0","com.unity.ml-agents_version":"2.0.1","scene_name":"AItest","end_time_seconds":"1748285150"}}