{"count":1,"self":1452.6570496,"total":3969.6770199999996,"children":{"InitializeActuators":{"count":1,"self":0.00075039999999999992,"total":0.00075039999999999992,"children":null},"InitializeSensors":{"count":1,"self":0.0014996999999999999,"total":0.0014996999999999999,"children":null},"AgentSendState":{"count":3396201,"self":4.6420528,"total":16.3962791,"children":{"CollectObservations":{"count":679241,"self":1.9043851999999999,"total":1.9043850999999998,"children":null},"WriteActionMask":{"count":679241,"self":0.3205069,"total":0.3205069,"children":null},"RequestDecision":{"count":679241,"self":2.0501556,"total":9.5293343,"children":{"AgentInfo.ToProto":{"count":679241,"self":2.5282944,"total":7.4791786999999994,"children":{"GenerateSensorData":{"count":679241,"self":4.9508844,"total":4.9508842999999993,"children":null}}}}}}},"DecideAction":{"count":3396201,"self":2480.1517568,"total":2480.1517909,"children":null},"AgentAct":{"count":3396201,"self":20.4485712,"total":20.4493184,"children":{"AgentInfo.ToProto":{"count":79,"self":0.0007472,"total":0.0007472,"children":{"GenerateSensorData":{"count":79,"self":0,"total":0,"children":null}}}}},"AgentInfo.ToProto":{"count":1386,"self":0.00452,"total":0.0195335,"children":{"GenerateSensorData":{"count":1386,"self":0.015013499999999999,"total":0.015013499999999999,"children":null}}}},"gauges":{"PlayerBehavior.CumulativeReward":{"count":1465,"max":11.5660038,"min":-14.7672977,"runningAverage":1.35230148,"value":10.59999,"weightedAverage":10.3734388}},"metadata":{"timer_format_version":"0.1.0","start_time_seconds":"1748012002","unity_version":"2022.3.33f1","command_line_arguments":"C:\\Program Files\\Unity\\Hub\\Editor\\2022.3.33f1\\Editor\\Unity.exe -projectpath C:\\project\\MSRebirth -useHub -hubIPC -cloudEnvironment production -licensingIpc LicenseClient-jiseo -hubSessionId 3f5e184d-5fb8-4d29-9b14-ed33350177e4 -accessToken EH_X8MFqV4ViSPpPW3N5jY_GDiaJtuA3KY5Jw085gow00df","communication_protocol_version":"1.5.0","com.unity.ml-agents_version":"2.0.1","scene_name":"AItest","end_time_seconds":"1748015972"}}